Order_ID,Date,Customer,Product,Category,Quantity,Price,Region,Total_Sales
1001,2026-09-01,John,Laptop,Electronics,2.0,55000.0,South,110000.0
1002,2026-09-02,Priya,Mouse,Electronics,3.0,500.0,South,1500.0
1003,2026-09-03,Rahul,Keyboard,Electronics,0.0,1200.0,North,0.0
1004,2026-09-04,Anita,Laptop,Electronics,1.0,55000.0,North,55000.0
1005,2026-09-05,John,Mouse,Electronics,3.0,500.0,South,1500.0
1006,2026-09-06,Unknown,Monitor,Electronics,2.0,15000.0,East,30000.0
1007,2026-09-07,Sneha,Keyboard,Electronics,4.0,8100.0,West,32400.0
1008,2026-09-08,Ravi,Laptop,Electronics,1.0,55000.0,South,55000.0
1009,2026-09-09,Meena,Mouse,Electronics,5.0,500.0,West,2500.0
1010,2026-09-10,Arjun,Monitor,Electronics,2.0,15000.0,East,30000.0
1011,2026-09-11,Priya,Keyboard,Electronics,2.0,1200.0,North,2400.0
1012,2026-09-12,Rahul,Mouse,Electronics,3.0,500.0,North,1500.0
1013,2026-09-13,Anita,Laptop,Electronics,1.0,55000.0,South,55000.0
1014,2026-09-14,John,Monitor,Electronics,2.0,15000.0,East,30000.0
1015,2026-09-15,Sneha,Keyboard,Electronics,4.0,1200.0,West,4800.0
