Order_ID,Date,Customer,Product,Category,Quantity,Price,Region
1001,2026-09-01,John, Laptop,Electronics,2,55000,South
1002,2026-09-02, Priya,Mouse, electronics,3,500,South
1003,2026-09-03,Rahul,Keyboard,Electronics,,1200,North
1004,2026-09-04,Anita,Laptop,Electronics,1,55000, north
1005,2026-09-05,John,Mouse,Electronics,3,500,South
1005,2026-09-05,John,Mouse,Electronics,3,500,South
1006,2026-09-06,,Monitor, electronics,2,15000,East
1007,2026-09-07, Sneha,Keyboard,electronics,4,,West
1008,2026-09-08,Ravi,Laptop,Electronics,1,55000,south
1009,2026-09-09,Meena,Mouse, Electronics,5,500,West
1010,2026-09-10,Arjun,Monitor,Electronics,2,15000,East
1011,2026-09-11,Priya,Keyboard,Electronics,2,1200,North
1012,2026-09-12,Rahul,Mouse,electronics,3,500, north
1013,2026-09-13,Anita,Laptop,Electronics,1,55000,South
1014,2026-09-14,John,Monitor,Electronics,2,15000,East
1015,2026-09-15,Sneha,Keyboard,Electronics,4,1200,West